031,031-14,0.0021079352273255989,031-11,0.0033284039239546924,031-41,0.0056960692392793765,031-31,0.0058279124737721545,031-23,0.0093597121507590936,031-03,0.012706572564847347,031-17,0.017149946886469276,031-40,0.020287388879592846,031-38,0.026061324349143652,031-09,0.027280578868769004,031-08,0.028318164903278896,031-27,0.030479822798951926,031-44,0.037397774774899389,031-42,0.039583873690485133,031-29,0.042514615663646949,031-45,0.18012545994521315,031-35,0.18103300378762452,031-12,0.18204706824784103,031-01,0.18372916565876091,031-13,0.18665313022789101,031-30,0.18683496180224995,031-06,0.19395498760186553,031-04,0.19422932681379956,031-16,0.19474576599335136,031-02,0.19479975680671907,031-28,0.19481509822684853,031-15,0.19519570575568834,031-34,0.19521466722110536,031-19,0.19537617331403218,031-33,0.19620046588813814,031-20,0.19843133022967419,031-21,0.20006789474557118,031-07,0.20242914848503321,031-26,0.20316958005905883,031-39,0.20449814294178506,031-10,0.39570181554045686,031-24,0.39700283150648624,031-05,0.39880900282737514,031-36,0.39922939216243591,031-25,0.40232578594022322,031-32,0.40378787557832224,031-22,0.41212747240540643,031-43,0.41803941290084023,031-18,0.41895172744800119,031-37,0.43207971628036906
032,032-20,0.0046195290489242091,032-16,0.0066546268296906628,032-13,0.0092789570025330198,032-45,0.012260970319267322,032-22,0.018034674372241835,032-19,0.01947993328861216,032-28,0.0201352502170466,032-12,0.024233799827917644,032-33,0.024856223966440352,032-24,0.029933846735151586,032-17,0.030276013440145872,032-37,0.032065945256038023,032-38,0.034043118804940646,032-25,0.037256744364560036,032-07,0.055800698545409089,032-39,0.17527897508186566,032-01,0.17993164211697912,032-08,0.18063484636310945,032-27,0.18075351518969332,032-21,0.18079055333985675,032-32,0.18501909902886399,032-35,0.18525868279387239,032-11,0.18898617914504257,032-23,0.18930591066431518,032-09,0.19022490644291143,032-41,0.19049028772810772,032-03,0.19291046152298394,032-10,0.19415002642312942,032-42,0.19456280460382985,032-31,0.19662756529765238,032-44,0.1975844233707727,032-06,0.19894529933223484,032-18,0.20152509058349019,032-43,0.20156369918699868,032-30,0.21040220173285251,032-29,0.36277142961005593,032-34,0.36891822665654844,032-02,0.37686995871523232,032-14,0.37769779322501468,032-15,0.3811710811560392,032-26,0.38154456671498749,032-40,0.38207963718903204,032-04,0.38470680434029936,032-05,0.39336851382018062,032-36,0.39634854998056263
033,033-04,0.0039696697506586658,033-13,0.0047866871845424234,033-10,0.0060460692440551774,033-45,0.0062669964649934833,033-28,0.0092674613436843738,033-44,0.011957263658173739,033-43,0.013850014936346603,033-07,0.014740246869456341,033-15,0.015584495521949371,033-27,0.018096960519535778,033-17,0.023488163103554918,033-06,0.023581481173040285,033-29,0.023848160104885111,033-32,0.028393958110796345,033-24,0.030894312111523402,033-14,0.18730867758251452,033-09,0.19218275758221656,033-36,0.19362088645026349,033-22,0.19383637140612242,033-01,0.19391780538924328,033-33,0.19481236033563079,033-39,0.1960080839175227,033-26,0.19607806234440769,033-37,0.19816534545027506,033-19,0.19871302200365981,033-38,0.20164845519953664,033-35,0.20308626136977329,033-41,0.20311614229345071,033-23,0.2040318950736677,033-12,0.20578573870589112,033-11,0.20593368859811156,033-31,0.20627560122339492,033-16,0.2072513348871371,033-21,0.20757984884712349,033-18,0.20960488836155192,033-20,0.39659998812683339,033-05,0.39962303176875991,033-34,0.39991007855990707,033-08,0.40106245104496563,033-03,0.40144325132604397,033-30,0.40176232446367111,033-02,0.41311598924065918,033-40,0.41317847523475748,033-42,0.41374781798596744,033-25,0.41741168475082235
034,034-36,0.0029183219968441738,034-14,0.0036232088446050163,034-27,0.0042205257867143882,034-12,0.0047808769556452659,034-11,0.0059362028328252981,034-22,0.0059531067209683064,034-38,0.006276274054491951,034-08,0.0066077054119872067,034-26,0.0066961706211263123,034-16,0.010104820393922577,034-05,0.010368851380071386,034-09,0.012444226119121141,034-03,0.012984048641905908,034-37,0.013641360580040621,034-07,0.01576212133420133,034-19,0.18114311098821304,034-02,0.19096835769290113,034-06,0.19317217516343357,034-13,0.19665229804417184,034-31,0.19739278406720234,034-34,0.19860185365755392,034-25,0.19863150512875066,034-41,0.19874159205915512,034-42,0.1988589303335889,034-45,0.20421626362000242,034-39,0.20433479081669001,034-10,0.20478449842475058,034-28,0.20589426703890129,034-35,0.20736635136363565,034-43,0.20756317359163318,034-44,0.20901118438756172,034-15,0.20946324906136149,034-20,0.21283571529614248,034-24,0.21285725391585616,034-01,0.21399091593167943,034-29,0.39463630689603862,034-21,0.39929158598893572,034-23,0.40140426653058714,034-33,0.40161393456141542,034-18,0.40234850017243018,034-04,0.40710154448581498,034-30,0.4096164384730881,034-17,0.40998735035992928,034-40,0.414926715938081,034-32,0.41571735563279871
035,035-36,0.0076757822160984073,035-11,0.010057208972902371,035-45,0.010961720143515423,035-15,0.010985152776151202,035-20,0.011796952351201496,035-19,0.012393867887147839,035-13,0.013640467211386984,035-21,0.015016437098377586,035-02,0.01564361318814754,035-16,0.015929188452921905,035-04,0.019277169578520995,035-08,0.019724756062924547,035-23,0.019850654633790522,035-39,0.020723242441690846,035-05,0.074470003203977966,035-09,0.1714068952330319,035-25,0.17544966390066558,035-24,0.17679036935345033,035-29,0.17761239387741887,035-42,0.17909783049318379,035-07,0.179788169897834,035-26,0.18178540935131579,035-03,0.18398565959614041,035-22,0.19265937748820355,035-37,0.19627076964398082,035-12,0.19710038820368089,035-17,0.19827526091809455,035-06,0.20352308547289802,035-27,0.20406035485584825,035-31,0.20552832712194338,035-01,0.20784449209256098,035-18,0.21207419008752096,035-10,0.21419220757886487,035-30,0.21502896262233109,035-41,0.22485226987419837,035-33,0.33234264168641203,035-34,0.34546504894665669,035-40,0.34917224523526108,035-35,0.35069558532996814,035-44,0.35599995325852862,035-38,0.38628795826848644,035-14,0.40009864588974198,035-32,0.40863554830258059,035-28,0.41595588855239291,035-43,0.43087473664475934
036,036-41,0.0033140631548493099,036-07,0.0079037943696426711,036-21,0.0096419580517344283,036-33,0.012520621538708386,036-22,0.013216043521362993,036-18,0.01523322460996303,036-13,0.015409846315990357,036-45,0.016530504705560965,036-24,0.016949419035287305,036-15,0.017806394256846676,036-38,0.019501838985573332,036-39,0.019504268192982632,036-28,0.020006693006360706,036-12,0.021337912686362148,036-10,0.022936949093407096,036-14,0.19383765729588162,036-29,0.19422800686300326,036-06,0.19548454890385378,036-19,0.19748753739760513,036-17,0.19781849942616808,036-42,0.19910117683329714,036-31,0.19971590742220971,036-16,0.20314991444716055,036-04,0.20453761892310529,036-27,0.20632998534261329,036-40,0.20893417501139475,036-34,0.20904798716186698,036-01,0.21086408045265181,036-43,0.21206153001799405,036-36,0.2121210322052656,036-30,0.21375209963698066,036-20,0.21807266907243575,036-08,0.21839004238684701,036-25,0.22583458474861529,036-35,0.23302568271672339,036-05,0.38613898023841953,036-44,0.39493642858149813,036-09,0.39697963264282304,036-03,0.40484908293045885,036-26,0.40678639755439672,036-32,0.41807410231513331,036-02,0.41860854274710174,036-23,0.41887895298558192,036-37,0.42416457390896367,036-11,0.4269437486600795
037,037-32,0.018838324606084832,037-11,0.021163471217425497,037-18,0.021601135163192495,037-40,0.026106623240978229,037-14,0.027086048452139241,037-05,0.027874608243849179,037-09,0.029975400363215419,037-25,0.031287516501155271,037-27,0.032369392623789385,037-13,0.035033866760606443,037-04,0.039206248687158191,037-35,0.042977964997741702,037-39,0.044416190313785617,037-15,0.044989577271793084,037-34,0.051122232067888455,037-36,0.13973103399399592,037-44,0.14364198600591349,037-29,0.14837308223742904,037-20,0.14893587924078142,037-33,0.15309433044645582,037-31,0.15425008857788367,037-37,0.16072354792829072,037-08,0.16472803330285268,037-16,0.16743700777983547,037-43,0.16822613960753965,037-28,0.16965107198206833,037-07,0.17150845649449895,037-17,0.17347981294023082,037-02,0.18296212168415565,037-22,0.18530333180375474,037-10,0.18617551059812493,037-01,0.18676739384826038,037-06,0.19260458145938511,037-38,0.19337276732388181,037-19,0.19546782827203116,037-26,0.3470224061820788,037-21,0.34820706413896008,037-12,0.34940670343224955,037-03,0.34963821936459216,037-23,0.35913198418486036,037-42,0.39050874816065467,037-24,0.3923473810937208,037-45,0.39712608930132393,037-41,0.40124217119877548,037-30,0.40833317682960268
038,038-01,0.00818044497567217,038-22,0.0089416666166073112,038-04,0.011219993954062358,038-32,0.011776269259273159,038-45,0.011796800319009926,038-12,0.012191451895431729,038-14,0.013135127875119978,038-29,0.014210832607992458,038-16,0.0146784971883233,038-11,0.016566863656643047,038-18,0.016636081649553346,038-36,0.017831854642745389,038-13,0.020942106317846862,038-15,0.028909215360831974,038-40,0.032508938821337499,038-39,0.18306760399325633,038-06,0.19282268429962093,038-31,0.19436773039778138,038-23,0.1965966795666973,038-27,0.19719083505683113,038-41,0.19830877353500764,038-07,0.19947921704816976,038-33,0.19998550733532516,038-28,0.20039127812610244,038-30,0.20161391413101992,038-43,0.20210515353639846,038-42,0.20259835112910357,038-44,0.2027765684597371,038-09,0.20776442180426477,038-19,0.21095511737409739,038-05,0.21161726627658164,038-03,0.21626741445862799,038-17,0.2227814467681021,038-37,0.22569852216263436,038-08,0.22579332358629622,038-02,0.39733905900008465,038-10,0.39951697673596664,038-21,0.39988131846516145,038-20,0.40015212240260156,038-24,0.40426654032881226,038-38,0.40636946928785828,038-34,0.41076938927255907,038-35,0.412656155530438,038-26,0.41432942111213317,038-25,0.41810532707804082
039,039-19,0.006641839290202632,039-43,0.0093978157185106818,039-12,0.01021340159932674,039-34,0.01062360828235728,039-28,0.01110611777272375,039-38,0.013465419755371034,039-39,0.014775150237489699,039-16,0.015303676751674693,039-17,0.017091547212491787,039-07,0.01846839375312383,039-45,0.019165601234891277,039-42,0.022903571237159755,039-40,0.022998165498494528,039-02,0.034591856720237853,039-26,0.035327569457622582,039-44,0.17429044314714129,039-04,0.17594308924656701,039-36,0.18409124030562576,039-03,0.18968967711813339,039-37,0.19164418236204533,039-41,0.19391426003680418,039-35,0.19886657611716604,039-11,0.20201539930794016,039-31,0.20381158178058947,039-08,0.20560758770176146,039-05,0.20816365686290161,039-23,0.20936296471213883,039-14,0.21056386517737061,039-24,0.21325601607090805,039-25,0.21401375156741906,039-06,0.21555970054075607,039-21,0.22141357446733118,039-27,0.22568623393175491,039-20,0.23164538905040455,039-30,0.23258026629429593,039-33,0.3813948278061049,039-13,0.38662962296016956,039-01,0.38828235699239527,039-09,0.39222757032314087,039-32,0.39411964496677276,039-29,0.40059063502700099,039-10,0.40407693412653445,039-22,0.41113899672960241,039-18,0.4138770957876009,039-15,0.41722913662078409
040,040-02,0.0046836770330000096,040-24,0.0058592615280049836,040-01,0.0065108801184754822,040-40,0.009366234983536002,040-41,0.011829147082924957,040-09,0.018472770982965542,040-10,0.021589216320280328,040-28,0.024338715676735425,040-12,0.024657319621738269,040-32,0.032852835612407726,040-43,0.036006905621741338,040-31,0.037376744540815174,040-38,0.04074696065018038,040-15,0.047045244379022369,040-21,0.053705274914864445,040-35,0.18668077731440696,040-18,0.1922588138132387,040-34,0.19429642286565574,040-08,0.19470643493915654,040-39,0.19545179900183893,040-16,0.19596028501507723,040-19,0.19801173278158785,040-07,0.19945637761387972,040-13,0.19954930548388874,040-06,0.1996688425545893,040-25,0.20086279187910616,040-29,0.20202371012711856,040-03,0.20362409058292102,040-26,0.20383617031235787,040-44,0.20514242209555558,040-36,0.20763966644142368,040-27,0.20785092245340367,040-37,0.20984427736263137,040-23,0.21513064502342424,040-42,0.2173860902716597,040-30,0.38747878571107536,040-17,0.38976742116086599,040-14,0.39559967642109056,040-11,0.39675073493200197,040-05,0.3978637712797839,040-04,0.41746976458495549,040-45,0.42633337152373418,040-22,0.43284380032707392,040-33,0.43407254169578735,040-20,0.43904451292488966
041,041-41,0.0046210396773197788,041-44,0.005202088524114341,041-15,0.0097798094540885849,041-31,0.010733662934897834,041-33,0.011556624331775411,041-16,0.011704376538004362,041-11,0.01283616112484124,041-03,0.013021334544451859,041-34,0.013264717151394278,041-23,0.013305289173858641,041-37,0.013926140993892715,041-39,0.016845947138495933,041-27,0.020390528516205878,041-10,0.021358406369371804,041-29,0.027870953070548384,041-24,0.17919383790317978,041-43,0.18240819457289559,041-07,0.18393426237866636,041-06,0.18961180982914472,041-12,0.19632292274786761,041-20,0.19844608540813521,041-42,0.19876358581509029,041-21,0.19891214520142733,041-40,0.19911329305329734,041-36,0.20018981260502039,041-35,0.20097041246130751,041-18,0.2030882648619117,041-25,0.20461894336645411,041-32,0.20703171146087587,041-45,0.20849207111263668,041-19,0.2118782446258875,041-14,0.21431866442940978,041-28,0.21541008460736541,041-09,0.21862037308228802,041-30,0.21950815518247846,041-02,0.39212109790275496,041-26,0.39293596198419245,041-05,0.39737580028667713,041-38,0.39911625494194625,041-22,0.40649478729010069,041-17,0.41656032769751083,041-04,0.42327402265747588,041-08,0.42354979409864213,041-01,0.43442684999893838,041-13,0.4387084827381339
042,042-18,0.012875181281022658,042-26,0.01288779699799514,042-20,0.016295985503828377,042-10,0.017878745534915828,042-19,0.024404672539378634,042-15,0.026687579484702732,042-17,0.027067357651829219,042-25,0.027077563630270321,042-05,0.028220432327893168,042-40,0.028712360235485148,042-07,0.029647857677246474,042-11,0.030426680839905407,042-06,0.034966724635832967,042-23,0.035550180224608832,042-04,0.041064487530902395,042-38,0.15933078666064202,042-03,0.16279864404791028,042-30,0.16815650197368545,042-36,0.16922867115656892,042-21,0.17546207724983087,042-43,0.17559080420585196,042-16,0.17893824594841229,042-28,0.17989547123355148,042-35,0.18009263230594028,042-12,0.18029549445129026,042-24,0.18276124618239623,042-31,0.18294711440528483,042-27,0.18422055827685321,042-02,0.18446776543311361,042-37,0.18834190747072219,042-14,0.19133162904431228,042-45,0.19235432470286754,042-33,0.19486261100682417,042-34,0.19530269918416565,042-44,0.19919638608835225,042-32,0.36256036246538292,042-29,0.36609884345419502,042-22,0.37162800631813753,042-08,0.37363372768964853,042-39,0.37446322827135248,042-42,0.37869594526381972,042-01,0.38029049257353936,042-41,0.38113351828525921,042-13,0.38693368451818055,042-09,0.39144273994734402
043,043-23,0.014031663810812365,043-32,0.015322234369876956,043-03,0.01830810151979333,043-36,0.021525003505892891,043-06,0.025706607704375987,043-41,0.027571377923818374,043-18,0.028261264163848204,043-40,0.030487039580702823,043-30,0.034053325480094612,043-39,0.036099876354237045,043-11,0.045050859579143253,043-14,0.04939595528461186,043-33,0.064351627883906026,043-29,0.069240491741329971,043-44,0.079926097696509754,043-35,0.15601444791039518,043-05,0.16454860989319736,043-07,0.16615407914239277,043-20,0.16804387998377093,043-31,0.17113570509965928,043-34,0.17705305214697989,043-27,0.18088900829573168,043-21,0.18738656672467069,043-13,0.19388751708142535,043-38,0.19602566752388459,043-42,0.19612569241669409,043-04,0.19641312692459037,043-22,0.19726152444007902,043-28,0.19790090622688983,043-16,0.19855586742487344,043-10,0.2025316045504103,043-01,0.20446587463999849,043-08,0.21260770420363295,043-12,0.21378030674624243,043-15,0.22554217580240632,043-19,0.38934529444520738,043-37,0.39932683892977849,043-45,0.40243829017899896,043-17,0.40754234519722299,043-02,0.41180678975720419,043-24,0.41800173772840932,043-09,0.42567529271762788,043-26,0.42769800077457998,043-25,0.4400350213603762,043-43,0.4595506240727677
044,044-27,0.0015847271058450415,044-09,0.0016357016842933037,044-18,0.0042673856104078044,044-24,0.0052434852183815359,044-06,0.005874874147349665,044-22,0.0092300205850257989,044-01,0.010680997671105336,044-10,0.01157065650253156,044-30,0.013326259706458843,044-15,0.013733831423215218,044-11,0.014355932571588658,044-42,0.01495156016909458,044-19,0.017662615207796106,044-32,0.020523117598798067,044-02,0.031258330089753636,044-36,0.19750983498364713,044-40,0.2001742153225535,044-31,0.2018558733354073,044-12,0.20233030748718253,044-17,0.20267881622447798,044-14,0.20325898120378347,044-29,0.20412385172366404,044-35,0.20574391558591257,044-39,0.20713826723149742,044-03,0.20975306001298644,044-05,0.21112043728639823,044-44,0.21151696517133001,044-33,0.21429645559364721,044-08,0.2145781987779069,044-25,0.21530515955707158,044-21,0.22131305609927313,044-20,0.22144051709349002,044-37,0.22242914160871463,044-45,0.22494852062438797,044-13,0.22592405820615657,044-38,0.39249502338735187,044-04,0.40136535100113491,044-07,0.4021305806870995,044-43,0.40504110013676392,044-16,0.40934212851191593,044-41,0.40952932328293451,044-28,0.4133845059505738,044-34,0.41761491007865126,044-26,0.41771229179903246,044-23,0.42079291440875044
045,045-25,0.012882335180186518,045-43,0.016562291929560956,045-42,0.019609474212677794,045-27,0.022603965974920745,045-21,0.023418122077074971,045-34,0.023679957718192944,045-14,0.02387580869534749,045-38,0.024402018653414261,045-39,0.024649687542041533,045-01,0.025347364314955975,045-45,0.026213449982785554,045-28,0.02638425411038357,045-12,0.027844703073215436,045-04,0.034488787987380982,045-18,0.038957116047239476,045-32,0.19375509132668728,045-26,0.19720110902244001,045-10,0.19728058394074163,045-11,0.1982222825012365,045-29,0.19915400672936315,045-31,0.20086474335649099,045-02,0.2014427999888054,045-40,0.20233051218193238,045-35,0.20234952092238609,045-13,0.2032646357400584,045-44,0.2039542716297448,045-36,0.20485178831697828,045-09,0.2060790417229619,045-08,0.2065878749588175,045-20,0.20677429085841406,045-23,0.20720950129784871,045-15,0.20745138934088589,045-05,0.20941487322728694,045-03,0.21972514022726072,045-37,0.22179857118922619,045-33,0.39603208641632703,045-22,0.39913325534212257,045-19,0.40015858908836432,045-24,0.40267672230616491,045-07,0.40632458491680429,045-16,0.40835761725874081,045-30,0.4091425426991977,045-06,0.41085210329369998,045-17,0.41290433447848035,045-41,0.41322925727179927
046,046-20,0.008760578059320406,046-18,0.0087868465190077127,046-21,0.012518349050365347,046-29,0.013791005723147771,046-19,0.014344671907851733,046-02,0.014957986614924425,046-42,0.016615058662228684,046-25,0.017392478286055058,046-41,0.019074704023574397,046-13,0.020472795595744921,046-23,0.021795304548449149,046-14,0.028053890349018843,046-05,0.033783566284262177,046-03,0.037137512237113299,046-26,0.17170809420861347,046-45,0.17597125490775006,046-39,0.1765528701321199,046-17,0.17768846261108587,046-15,0.17944660030689452,046-08,0.17950143415612191,046-06,0.18310608703825268,046-27,0.18786509434096726,046-36,0.1912869034773661,046-43,0.19336055613385203,046-07,0.19347412406518164,046-16,0.1944003506063165,046-40,0.19447376045986936,046-34,0.19954784661584357,046-32,0.20027926133602783,046-31,0.20077258643149115,046-28,0.20131839528467133,046-09,0.20491399518677331,046-44,0.20598954772507572,046-01,0.20680279220287284,046-04,0.21085294917916605,046-10,0.2638706634304766,046-12,0.378634996043266,046-11,0.3814861941924868,046-38,0.38474435582805838,046-22,0.38750696594427714,046-33,0.3908761209620405,046-30,0.39919510691701954,046-37,0.40830074421028983,046-24,0.41291975104261575,046-35,0.4131384134756203
047,047-42,0.0061328957029537761,047-24,0.010059190383431713,047-40,0.010258208744567997,047-41,0.011038233583691402,047-05,0.012838655598427281,047-13,0.017598649589459805,047-30,0.018652366187927028,047-36,0.019329241998113623,047-01,0.020022257739221873,047-31,0.022118029316358357,047-38,0.023469763733597056,047-26,0.030481559594356198,047-10,0.031658995346089402,047-27,0.038560931664077432,047-11,0.04211316733833867,047-23,0.15039948405152251,047-17,0.1666513415132192,047-28,0.16700549197941333,047-16,0.16765970848094083,047-12,0.17114985603180033,047-06,0.17200869391762338,047-20,0.17232868260946413,047-37,0.17799960514341182,047-03,0.17922099072378825,047-07,0.18057651153092433,047-25,0.18823329941901887,047-44,0.18914392851636011,047-32,0.19061383391892989,047-09,0.19471541928510483,047-43,0.1989280686512982,047-34,0.19950932165394167,047-21,0.20016841231856797,047-19,0.20167345269007841,047-45,0.20664322464312898,047-15,0.21557496793832878,047-08,0.37024571309634241,047-35,0.37690721711461372,047-14,0.37721554211183078,047-02,0.38079042863562673,047-18,0.38153683889441664,047-29,0.38938938123119465,047-39,0.39484376504168694,047-33,0.39949832471198249,047-22,0.40662805287686332,047-04,0.40777890685276036
048,048-23,0.0035296920988665487,048-06,0.0045055664803414653,048-05,0.0061982324921947413,048-09,0.0072799264766722884,048-13,0.0088755897328743512,048-11,0.0089347022619299856,048-40,0.0092823843756590901,048-43,0.0094320254663197746,048-15,0.012645770687897823,048-44,0.020133543685646953,048-27,0.02641994889813749,048-20,0.027874084821499969,048-39,0.028113945935296883,048-36,0.030703176114606514,048-26,0.032472389241218827,048-32,0.19038307883229974,048-04,0.19045150617596121,048-41,0.19203192702742747,048-19,0.19488450813182145,048-02,0.19499881801015007,048-14,0.19572330994038348,048-33,0.19767072037538175,048-03,0.19921428991071394,048-07,0.20018148824782633,048-29,0.20142589170007558,048-16,0.20218892871762309,048-17,0.2024607983413467,048-22,0.20298855330645299,048-01,0.20382220974669896,048-30,0.20392878814297444,048-37,0.20638769756534564,048-18,0.2067564607580745,048-21,0.21306221383130294,048-08,0.21434104814228713,048-35,0.2154722615199075,048-10,0.38946892374173236,048-24,0.39040741900854437,048-31,0.39241193518420098,048-28,0.39430948006709898,048-25,0.39490097621662285,048-12,0.39569186359401792,048-42,0.39642281540224034,048-38,0.40008080983719541,048-34,0.40044042602464797,048-45,0.40737804740758998
049,049-41,0.0045140235050243754,049-40,0.0055055111388851294,049-19,0.010547980647926334,049-02,0.011001737583849059,049-39,0.015176494101982619,049-08,0.03195278642194363,049-14,0.03301483233114616,049-22,0.035155265456687519,049-34,0.037829395511226015,049-18,0.039782644919310974,049-38,0.039925498506355177,049-25,0.040236464396817696,049-45,0.040753921827172017,049-33,0.040870605146338786,049-23,0.042281474035020243,049-01,0.19012382984717124,049-11,0.19186738596349959,049-16,0.19700881488046632,049-21,0.19954491590335371,049-32,0.20088978555775983,049-37,0.20300014098224986,049-26,0.20547949654482586,049-27,0.20604733757616112,049-05,0.2065171742767771,049-35,0.20752720232279898,049-09,0.20766279799132928,049-13,0.21410630610081258,049-15,0.21726295616777766,049-30,0.21970697214244339,049-42,0.22598148286490832,049-20,0.24982833744837887,049-10,0.25666774567496714,049-06,0.25798303402782991,049-31,0.260046154188732,049-03,0.26696399062444492,049-36,0.39349450574737649,049-24,0.39757823431282668,049-43,0.40339894959211259,049-12,0.40755668382458238,049-04,0.41433948653526198,049-07,0.4267107236667203,049-28,0.42765824746657138,049-44,0.42811888712645241,049-17,0.42917212651401315,049-29,0.44037720025180216
050,050-08,0.0010980519754931754,050-22,0.0034871072765668412,050-03,0.0045419404143198791,050-38,0.0053093476158391651,050-28,0.017622004085305586,050-09,0.019987964850744593,050-12,0.029159182781275231,050-24,0.038706322643734269,050-15,0.040234846573913532,050-18,0.040493176419597141,050-07,0.04139948601856596,050-06,0.043153542363838428,050-17,0.044164853429216298,050-26,0.046866826864318541,050-42,0.052443809651866055,050-14,0.16095356717755152,050-04,0.16284843159426091,050-10,0.1634223598154107,050-35,0.16353840206833592,050-36,0.16765902109297551,050-39,0.17010785324983116,050-27,0.17264763915945255,050-43,0.17442378845766801,050-32,0.17753228212109595,050-41,0.18396371925779137,050-31,0.20289426839268324,050-20,0.20321607957503582,050-13,0.20731285930011178,050-33,0.20825993716040586,050-11,0.20853235030669748,050-29,0.20958426088042714,050-19,0.20984125670259562,050-16,0.21176998940698308,050-21,0.21182272579277828,050-05,0.21411036375475515,050-34,0.36431465470245705,050-25,0.37301623671685602,050-37,0.37734872594549546,050-40,0.38123857955243901,050-30,0.38128558505126414,050-23,0.38851584931436356,050-02,0.3914856040977383,050-44,0.39513292693028312,050-01,0.39515117635783037,050-45,0.4064689850129759
051,051-11,0.011486790149985486,051-19,0.019129214208160109,051-32,0.020930235926642421,051-02,0.022001400210496718,051-36,0.022149549678417833,051-45,0.023660038526792954,051-34,0.024758996690519643,051-20,0.026670369618312439,051-41,0.027414803788746649,051-22,0.031016882341300081,051-42,0.032069353991827268,051-43,0.032825650984060283,051-16,0.033967524896470938,051-09,0.035211855176355597,051-33,0.038137592047397265,051-24,0.18704185044847738,051-06,0.19595936217845752,051-13,0.19642195191320536,051-28,0.19657360103465876,051-31,0.19848095918483494,051-35,0.19920896271287061,051-03,0.19944137359842221,051-27,0.20026728031894911,051-40,0.20197353417487537,051-39,0.2037657157612105,051-04,0.20904338204120865,051-44,0.21113391536079118,051-18,0.21338976315379471,051-01,0.2136827521792907,051-23,0.21581700829573722,051-26,0.21803351835838714,051-17,0.22151699984374518,051-21,0.22290483604169226,051-25,0.22922663542134514,051-10,0.22943956370810728,051-29,0.38124239798350396,051-05,0.3927711536571683,051-08,0.39376919753419032,051-14,0.39509457555738481,051-30,0.39736721923560314,051-37,0.40788572397547507,051-12,0.40871091147923727,051-15,0.41891638935795461,051-07,0.41955072052344594,051-38,0.4220908151265827
052,052-04,0.0043893836675988956,052-03,0.0091012758834892321,052-38,0.011687299717420071,052-30,0.014714255215376996,052-05,0.018639583155938531,052-39,0.023958901713623741,052-45,0.029139083947728198,052-18,0.030205381743592084,052-27,0.031172842167864315,052-15,0.034567878233550599,052-01,0.035322466420741022,052-41,0.035922223358377331,052-42,0.036169369486782434,052-14,0.036978881596183281,052-06,0.041780150858403829,052-34,0.15159524246328415,052-31,0.15383875421976617,052-37,0.15671128923890892,052-12,0.16027386481306513,052-23,0.16082946757332903,052-35,0.16129400810533445,052-44,0.16203517364016085,052-20,0.16327504425128445,052-16,0.16800759610759475,052-36,0.17332844948122894,052-25,0.19910560436314378,052-22,0.20308058374457366,052-32,0.20353254320558609,052-21,0.2048377934322913,052-40,0.20689561705492926,052-24,0.21041254886272392,052-10,0.21111039221059399,052-19,0.21636887260899587,052-28,0.21637547268740373,052-33,0.21823063228530207,052-02,0.34447403957174655,052-17,0.3508081829671103,052-43,0.35287665103466836,052-13,0.35561250912205544,052-09,0.3585380251202343,052-29,0.40679944123846229,052-08,0.41031496201130246,052-07,0.4109941478148284,052-11,0.41126366382731028,052-26,0.41301144065241796
053,053-24,0.010901437288222323,053-36,0.016173669327083254,053-45,0.016510270800121147,053-43,0.016872370385154739,053-39,0.018247512026970957,053-16,0.024487317039327612,053-06,0.02465680845681122,053-40,0.026799325894682355,053-04,0.028676038601553183,053-07,0.029202743176216114,053-15,0.030105488155404342,053-10,0.030236684766603374,053-26,0.031444961262532246,053-11,0.033463291668877841,053-34,0.043670686851484744,053-25,0.072875931850074308,053-41,0.079484551791427327,053-14,0.083854598867335955,053-35,0.084402322137032498,053-21,0.089433570739987783,053-05,0.091904933623701404,053-29,0.093866028545769503,053-42,0.097018117918314217,053-02,0.15951947656312859,053-38,0.17946667505813371,053-28,0.18237742364469187,053-23,0.19309595841333271,053-27,0.197523347918243,053-37,0.20266897492735197,053-31,0.21733743664045624,053-19,0.21827370602243709,053-17,0.21883158511145953,053-09,0.22315410699495597,053-12,0.22579382995141445,053-32,0.22586053042864671,053-08,0.22994906335621107,053-22,0.23577129754339846,053-44,0.23938183033387855,053-18,0.24534419287051232,053-13,0.28801100522821382,053-01,0.29043733530562077,053-30,0.35998645977692112,053-33,0.36005055847354545,053-03,0.41763832518688226,053-20,0.41882115620807492
054,054-03,0.0044829123388787882,054-40,0.00742690107692649,054-16,0.0096258916353285789,054-28,0.011072428028677606,054-42,0.013885031628770885,054-10,0.016665895198547057,054-01,0.017402376728730674,054-38,0.018652855425237567,054-30,0.019148522331172854,054-18,0.022074242529846782,054-36,0.023044027070071874,054-02,0.025827897973677499,054-34,0.02852346210233539,054-15,0.034205114348483952,054-20,0.035790796039221487,054-07,0.19034334645960507,054-26,0.19339090454150223,054-43,0.19441786927200835,054-13,0.19499075320880491,054-14,0.19593597454454531,054-19,0.19629150237492771,054-35,0.19938355899878954,054-37,0.19958655748822135,054-22,0.20053996061632123,054-12,0.2005646788363292,054-04,0.20110647680257701,054-17,0.20412322944851485,054-05,0.20704244842894653,054-25,0.20748437546009973,054-45,0.20754336532005269,054-08,0.20890678851086034,054-11,0.20913196399222791,054-44,0.21031054718536873,054-27,0.2106383320246889,054-41,0.21672187154211756,054-21,0.39951918479928195,054-33,0.39988121780532582,054-39,0.40060921076937894,054-23,0.4015795745990674,054-09,0.40231963003836058,054-32,0.40409594688408634,054-06,0.40547701326375296,054-29,0.40733991856598889,054-24,0.40767468800275103,054-31,0.41070093465625618
055,055-14,0.0086765088534867269,055-23,0.0094078684711974576,055-38,0.010430763837688159,055-31,0.011219033375698658,055-21,0.01237024942754681,055-32,0.012805827265929895,055-08,0.013656207029180819,055-09,0.01379129939091215,055-12,0.017725812548568438,055-26,0.018400220920152945,055-03,0.022290169510722338,055-15,0.022652054651938869,055-10,0.023307335530114638,055-18,0.029770259433765999,055-41,0.029906266517226852,055-43,0.18626880769697646,055-28,0.18877901308610268,055-33,0.19032602587988606,055-01,0.19102043869048138,055-30,0.19176617467198884,055-16,0.19595861812904364,055-25,0.19607700286298022,055-20,0.19623542695745264,055-04,0.19774747210556526,055-06,0.19911143050344846,055-34,0.19992448689366182,055-02,0.20345520840201031,055-45,0.20418565626488913,055-11,0.20528923575704172,055-35,0.20695436748938278,055-39,0.20744208484960791,055-36,0.21396762016417348,055-37,0.21754455807234077,055-19,0.21755553334496922,055-42,0.21953384360906353,055-29,0.39693684817612596,055-27,0.40184013930553836,055-24,0.40437832921472283,055-13,0.40619093824845443,055-05,0.40630895403801104,055-44,0.40905730247300814,055-07,0.41636229771602412,055-22,0.42330380949772523,055-17,0.42416871491366193,055-40,0.44075338312207041
056,056-36,0.0046473863633937689,056-37,0.0047357693818189184,056-33,0.0057860668218667529,056-26,0.0060836877736323769,056-25,0.0085319447177636294,056-07,0.008690090101575074,056-23,0.0094392141135137327,056-27,0.0097577186165704512,056-34,0.015972434043961533,056-42,0.017559455874774022,056-08,0.019253467414032378,056-04,0.019773632240813882,056-21,0.019785095281979428,056-14,0.027181842626435405,056-02,0.030315406286058336,056-01,0.03588465281444609,056-06,0.17129879959978514,056-31,0.17921780738472046,056-35,0.17973317534223382,056-05,0.1832389222806618,056-19,0.18371295979914484,056-18,0.18376166523305495,056-39,0.18539492833707202,056-13,0.18941947850370552,056-10,0.19246141579794565,056-12,0.19844168675156798,056-24,0.20510455277089368,056-03,0.2130323237342637,056-45,0.21316778164258998,056-22,0.21381132138629541,056-38,0.21645571798371732,056-09,0.21674956304806878,056-40,0.21821831092368829,056-44,0.22090329710395151,056-15,0.22811722193268391,056-32,0.3823548182882332,056-17,0.38428452255332246,056-16,0.38706851092602507,056-43,0.39058966347743301,056-29,0.39657677306217137,056-41,0.40524414920079793,056-20,0.41696035861322289,056-11,0.41716160800545915,056-28,0.42279836386094999,056-30,0.42376680885294082
057,057-25,0.0017110130517371221,057-17,0.0039963507051099453,057-29,0.0074247127926765242,057-40,0.010756318269059659,057-12,0.010789508705082936,057-10,0.011244524164545784,057-27,0.011764971141852022,057-14,0.020045136864110167,057-15,0.020910092864191702,057-18,0.020998390394382505,057-03,0.02242900258111161,057-09,0.024228590745911285,057-11,0.027571073280576439,057-44,0.031739251392645614,057-43,0.17803179270561445,057-42,0.18670275056603516,057-41,0.19044991212783469,057-39,0.19164295866704575,057-33,0.1919173546104655,057-06,0.19589690653708991,057-05,0.19618020043749129,057-16,0.19806585281692995,057-32,0.19920107149778429,057-24,0.19940306011748082,057-28,0.20005211858592115,057-23,0.2003848019107636,057-38,0.20190617033023039,057-07,0.20265254510349548,057-08,0.20305163998025347,057-13,0.20385240185396991,057-21,0.20391640821378293,057-01,0.20916448576326357,057-36,0.20960092701862507,057-19,0.2103667045128039,057-45,0.22529471593133651,057-35,0.39135083806241544,057-02,0.39568315757495132,057-26,0.39857540280921722,057-04,0.40113691971864418,057-37,0.40287891024966765,057-34,0.40595473947152061,057-31,0.40683030723230074,057-22,0.40926000822241865,057-30,0.42214507911388172,057-20,0.42439291788527395
058,058-43,0.0033357109172366503,058-01,0.0044981562818232458,058-29,0.0064502497592757056,058-39,0.00720871393708795,058-19,0.0082435430307085163,058-18,0.0087179703424234249,058-40,0.0088118861058677864,058-05,0.0093819924221178255,058-23,0.010851187328703042,058-12,0.011978410566385952,058-02,0.012273026711148537,058-33,0.013249101798586351,058-09,0.013328622480433205,058-34,0.016097103739947459,058-04,0.025269990385863996,058-36,0.18999752744699222,058-26,0.1913263039389424,058-11,0.19166374317269896,058-03,0.19185461768671158,058-37,0.1933744740401051,058-16,0.1949387213014584,058-08,0.19617635405263825,058-30,0.19861814796899804,058-15,0.19899919368532301,058-20,0.19942277522041535,058-32,0.20060560470734609,058-28,0.20185334780224709,058-41,0.20197113536788128,058-21,0.20894021090347406,058-45,0.20981371272575641,058-27,0.2116994129975579,058-42,0.21354487356870935,058-17,0.21544999237380161,058-38,0.21950720361355772,058-44,0.21968920372648923,058-31,0.38167551044133929,058-25,0.38878908388904032,058-13,0.39158331727983869,058-14,0.39371063734629602,058-24,0.39958124342609003,058-10,0.39972547214973242,058-06,0.40243892813692866,058-07,0.40310485879952901,058-22,0.40743829893314626,058-35,0.40847725274490682
059,059-11,0.002419205872193993,059-02,0.013634157257266306,059-24,0.014537544733321686,059-17,0.015110860393720692,059-16,0.02962881487610591,059-42,0.035577015165864985,059-03,0.039300413972026715,059-05,0.043628128677417444,059-06,0.044899639501309131,059-35,0.047752864300683422,059-23,0.050024340796142652,059-08,0.053016589575812186,059-38,0.053837829735376014,059-19,0.054004829433426368,059-15,0.060715177713171059,059-44,0.17460007774287101,059-33,0.18238263867374307,059-10,0.18946637257293555,059-39,0.19027625828872438,059-09,0.19124799248470095,059-22,0.19222889940979629,059-31,0.19238936199242421,059-29,0.19487419908115294,059-27,0.19534644391589739,059-37,0.19556370119798219,059-21,0.20070915681442353,059-25,0.20163101718707541,059-13,0.20640658619344945,059-04,0.21127249438532217,059-18,0.21585125427307977,059-12,0.22020199083806635,059-45,0.22185052231752425,059-20,0.22731116920144856,059-40,0.22745962917450113,059-43,0.2301537641877377,059-01,0.36146646380004704,059-26,0.36859800983496871,059-28,0.36965461755805734,059-34,0.38209210703784757,059-07,0.38297423966764832,059-41,0.38607529407650737,059-14,0.39630387926760496,059-32,0.39951497939817321,059-36,0.40009262589739469,059-30,0.40557206579037897
060,060-39,0.0075965736058626349,060-32,0.0085572092649412283,060-11,0.01134068843135537,060-28,0.019423833118590524,060-01,0.019806380814957975,060-09,0.02273380535280815,060-15,0.024219546887689038,060-22,0.024457262817363344,060-13,0.03187930381344585,060-44,0.031961426073847374,060-17,0.032636203277718524,060-25,0.03755985136539805,060-21,0.037994544296523346,060-29,0.041939257890606707,060-04,0.046936990435113651,060-10,0.17152472066418184,060-03,0.17449883668903349,060-19,0.17574228493974234,060-38,0.17829962016701567,060-16,0.18038927057107215,060-26,0.18042445339253718,060-07,0.18279363450906533,060-36,0.18337240404473895,060-42,0.18415892550421173,060-37,0.18423789802685941,060-14,0.18688391832180493,060-41,0.18818378001485891,060-02,0.19123590480821243,060-45,0.19263322124799451,060-20,0.19298722988483302,060-27,0.1933164484790639,060-08,0.19347581157765617,060-18,0.19365812548895586,060-05,0.2021812563025597,060-24,0.20324969328632794,060-40,0.24600972297723125,060-12,0.36628819772569182,060-30,0.37302899400606992,060-34,0.37467499563557183,060-23,0.37896534157089384,060-33,0.38321759220873186,060-35,0.38666140673635369,060-43,0.38699797718091949,060-06,0.3883657204651117,060-31,0.39429470734063238
061,061-18,0.0071377573600669092,061-43,0.0077330251156032693,061-21,0.017733814897192259,061-04,0.019023539414417579,061-19,0.01976113641326558,061-11,0.021901780664584231,061-17,0.023782491935103987,061-13,0.028838429726346079,061-23,0.033059783713685287,061-25,0.034213336181281639,061-09,0.034636374684044985,061-05,0.044137492816665132,061-38,0.047196721618038326,061-14,0.050892221454922067,061-28,0.060511837068766644,061-29,0.19287591264151241,061-27,0.19450870528508549,061-37,0.20159949623555939,061-08,0.20173732957430293,061-03,0.20770252220911753,061-22,0.21020803073010075,061-32,0.21034739495077778,061-35,0.21119788215005758,061-39,0.21333360903747145,061-01,0.21339838322898261,061-34,0.21376002493695204,061-02,0.21503175383976356,061-33,0.21623080113839868,061-24,0.21630960643464617,061-26,0.21859122752439233,061-45,0.2187814031456696,061-41,0.2223993307585406,061-42,0.22639185796589356,061-31,0.22975522848780192,061-12,0.2299604303647165,061-40,0.40245634090085708,061-36,0.40467647763092296,061-16,0.40760064529271905,061-15,0.41227586846678421,061-06,0.41421939784782374,061-44,0.41425463863453749,061-10,0.41781480178625469,061-20,0.41918303323801831,061-07,0.42456762732843256,061-30,0.42829763723592401
062,062-36,0.017670344411644945,062-35,0.017879591848042421,062-18,0.018102973529313698,062-38,0.018649290186377527,062-08,0.019889107187185909,062-23,0.035913686171511632,062-28,0.037008454437470667,062-06,0.041528447962502636,062-25,0.041775934696845062,062-21,0.042612659296430259,062-03,0.042802701067006947,062-09,0.043247064864996437,062-16,0.043728147213692635,062-30,0.045953280196338139,062-39,0.078051890148754507,062-24,0.18334042027076475,062-22,0.18869011433308941,062-27,0.18984653762541889,062-41,0.19797513326677277,062-19,0.19818923646365064,062-14,0.20314474954582132,062-12,0.2062221984440169,062-37,0.2066074974355751,062-43,0.20718394143618973,062-10,0.20789978099983547,062-45,0.21031603925148185,062-26,0.21046997634737835,062-04,0.21330736187438781,062-05,0.21476720178816733,062-13,0.21811895620368008,062-20,0.23155884739898328,062-17,0.23276018775649396,062-31,0.23415715785111871,062-34,0.24039955671963825,062-15,0.24110143982866156,062-07,0.38981683448984183,062-11,0.39697160315890129,062-42,0.40199790385128259,062-44,0.41088735717572966,062-32,0.41325590606457946,062-01,0.45460649555652416,062-33,0.46733602366494353,062-40,0.47032407941568549,062-02,0.48008048646969509,062-29,0.48670962207311419
063,063-22,0.013926722514647877,063-03,0.017888608150277836,063-10,0.018192147302859705,063-36,0.020473289174092333,063-06,0.021539436998952513,063-13,0.022061610349642369,063-37,0.024049132335942011,063-18,0.027835683965488491,063-38,0.028034727830586303,063-23,0.034362714091419583,063-17,0.034478414125908026,063-05,0.035967841720071218,063-42,0.038637682510132013,063-26,0.041933078784704411,063-19,0.14532306013624186,063-02,0.15801697685707256,063-44,0.15880228066847751,063-12,0.16474859891724544,063-04,0.16603368929910448,063-34,0.16945262514771947,063-32,0.18331812194935759,063-01,0.18792552140926402,063-14,0.19654928700233984,063-31,0.19677873442528326,063-28,0.19812531883510226,063-41,0.20165138223208073,063-29,0.20244032009458987,063-08,0.20400635091594024,063-39,0.20405900404798269,063-43,0.21006556448407113,063-24,0.29091165597378321,063-33,0.29611135034509295,063-45,0.29758131754769457,063-27,0.3037253717423028,063-35,0.30810897241073654,063-25,0.38217479240252061,063-16,0.38382625405964133,063-11,0.39066527685596508,063-15,0.39095895158122057,063-09,0.39101969341709636,063-21,0.39295387332357468,063-30,0.39507495630208461,063-07,0.39553391154650702,063-40,0.40188974083285284,063-20,0.40961235502697074
064,064-36,0.012612960615933281,064-07,0.014654285216315748,064-17,0.014725355929580594,064-01,0.015534725374946573,064-19,0.020493909498750372,064-16,0.020856651612419064,064-22,0.021721057714327797,064-26,0.022540161996877337,064-37,0.022782763632262899,064-05,0.024463828340298619,064-42,0.027040117141676628,064-32,0.028476422532909409,064-44,0.033037216397176578,064-20,0.033531933305323648,064-18,0.033576177859925511,064-15,0.16568901920496262,064-13,0.16686613188929167,064-43,0.16803923057415313,064-40,0.1694313296606077,064-11,0.17175905969709762,064-33,0.17545979446592957,064-27,0.17636398062703379,064-34,0.17929098795486542,064-38,0.18014734009836228,064-04,0.1807459677431624,064-24,0.18292900748575913,064-12,0.18322628260959961,064-21,0.18937809797220084,064-25,0.19072346686600278,064-41,0.19353047120697309,064-06,0.19360354006367675,064-30,0.19751436946373901,064-09,0.19846063474542106,064-14,0.21013594377346886,064-35,0.21400063216216844,064-08,0.36174811046253785,064-45,0.36637741435044929,064-29,0.3755622188680332,064-02,0.38636301731317024,064-28,0.38993574838837491,064-31,0.39093375512867762,064-39,0.39460397606295555,064-23,0.39676319742310462,064-03,0.39729646734054458,064-10,0.40330174989233841
065,065-21,0.003186394634799322,065-03,0.0065536456375798885,065-07,0.0065979729210555544,065-42,0.0073280014512266314,065-37,0.0133246526321325,065-18,0.019466618599445474,065-10,0.022908177155399927,065-26,0.025516300039477389,065-14,0.027236095950065705,065-45,0.034054311691441373,065-08,0.039741502215155676,065-12,0.044431421290735927,065-44,0.047521687898587392,065-33,0.049527611444477732,065-16,0.06729375549430959,065-31,0.19696441228962558,065-13,0.19868487130704629,065-43,0.19891798568907237,065-39,0.20101813692207679,065-23,0.2014916317121212,065-09,0.20183502360957126,065-06,0.20198424713171007,065-02,0.20302380043973184,065-38,0.20374355673353292,065-32,0.20389389493828405,065-30,0.20403762003685874,065-27,0.20601133301188551,065-20,0.20674542962454812,065-05,0.20868880202344178,065-25,0.21225691506991234,065-24,0.21403228216333259,065-29,0.21411038664136547,065-11,0.21469253337388619,065-36,0.21588860576617819,065-15,0.21796573226516186,065-28,0.38140128438156395,065-40,0.38798738519395093,065-17,0.39191323871744832,065-34,0.39714200912864617,065-22,0.40552963359683136,065-19,0.41054863458727769,065-01,0.41161448423439739,065-04,0.41498693000713871,065-35,0.41563686462209093,065-41,0.41833997283535768
066,066-32,0.011794189281697795,066-04,0.012476470136017817,066-26,0.014759467556929286,066-21,0.022237059204379787,066-24,0.024176942518360233,066-08,0.025870673476364788,066-06,0.02701684618027134,066-30,0.028254277036941743,066-13,0.029343904156704376,066-38,0.032600928332591782,066-12,0.033810369235885984,066-37,0.033936370012255232,066-25,0.038968744246777619,066-29,0.042840541755732577,066-33,0.043112099436015204,066-05,0.16949590058882355,066-44,0.17192202009997687,066-11,0.1778249644553668,066-01,0.17833496349441083,066-45,0.17961645493282988,066-07,0.17993521752049602,066-34,0.1810112947294534,066-39,0.18471488795320143,066-16,0.18474877681980986,066-03,0.18957091445146954,066-19,0.19038125407395678,066-10,0.19280147500406267,066-43,0.19344870300273662,066-36,0.19875350067719008,066-35,0.19901366836029538,066-14,0.19938814408441952,066-17,0.19993336881161794,066-18,0.20189169632230042,066-23,0.20354360039662711,066-09,0.20696410852648642,066-31,0.36623186634145344,066-40,0.3675233659360051,066-41,0.36977333863800899,066-42,0.37277030956382823,066-22,0.3753997877174699,066-02,0.39839769193494989,066-27,0.40336724766727905,066-15,0.40399160400979434,066-28,0.406326678117231,066-20,0.41043966453645425
067,067-39,0.0030256135299059177,067-18,0.0066596750353528147,067-02,0.0096579933729047072,067-03,0.010190824230914396,067-33,0.014305121906333904,067-12,0.023214920509805503,067-30,0.027420240953719623,067-16,0.027819128773699471,067-45,0.028454018484780731,067-08,0.035250413449048536,067-13,0.036453994288454063,067-40,0.040489414760788045,067-44,0.040491126960867624,067-06,0.048462987655671218,067-37,0.06329423690759943,067-07,0.15762447433110338,067-04,0.1668859468391182,067-05,0.16737666369134613,067-28,0.17523967128219156,067-23,0.17762485462548172,067-43,0.18421229273750556,067-25,0.18478739525950397,067-10,0.1848042394870999,067-21,0.18554418193849706,067-27,0.18945210393907178,067-19,0.18947931773819326,067-14,0.19485791227353014,067-20,0.19584170819014052,067-17,0.2007724553802813,067-32,0.2041414982520178,067-01,0.25394057490439426,067-36,0.26650061885911197,067-35,0.27684155014905437,067-42,0.27693684672967739,067-29,0.28021273915711292,067-22,0.37533879476918763,067-11,0.38268689148951063,067-41,0.38677916335533741,067-26,0.38864796745217972,067-34,0.38894408332007985,067-15,0.38937313811943208,067-31,0.39051741774887233,067-24,0.39380506484261696,067-09,0.3948565769603562,067-38,0.39812850942319472
068,068-30,0.012253536093077461,068-19,0.013643175573523814,068-13,0.015355328937372617,068-44,0.024743118254814869,068-43,0.0277563269085291,068-28,0.044238443775115377,068-34,0.046001716582134075,068-40,0.046387703390071484,068-05,0.048598691859871132,068-14,0.054652699606339096,068-18,0.085965319820707348,068-24,0.096496220976622873,068-12,0.099699474688558665,068-02,0.099853375745580439,068-32,0.10161294423802872,068-26,0.1125333810826557,068-25,0.12742493026761556,068-09,0.12805593607663354,068-22,0.13101480656443812,068-08,0.1359887190757488,068-01,0.13964861104371104,068-27,0.14389563170082773,068-04,0.14584678938152013,068-15,0.14924482787714097,068-35,0.15031474080697438,068-23,0.18244765903027318,068-33,0.18804392372427234,068-31,0.1884058872036225,068-38,0.19263709346026325,068-03,0.19389241185575531,068-29,0.20082100767068375,068-20,0.20106623812381383,068-37,0.20644845865373235,068-16,0.20997613459313988,068-17,0.21385488465119687,068-42,0.31496890426817775,068-39,0.32513962371612426,068-10,0.32950664141521963,068-41,0.33366098680310169,068-45,0.33922689207974971,068-06,0.38572326990883454,068-11,0.39324508571005318,068-07,0.39962976172949083,068-21,0.40168058629839798,068-36,0.41516945599497884
069,069-06,0.001477496901383457,069-33,0.0039814456973615272,069-30,0.005955274903774615,069-20,0.009199650947551723,069-08,0.0097632147701394861,069-04,0.010169426402659621,069-03,0.013634660945328766,069-32,0.014399322070212472,069-37,0.014786428192762538,069-40,0.015605149274611456,069-22,0.015894279494663783,069-16,0.016726522837320842,069-05,0.018768593729921852,069-28,0.024168459606208188,069-01,0.04694214074472905,069-15,0.10468370532390868,069-31,0.10801817804342703,069-24,0.11358472458969603,069-45,0.12433951662621087,069-34,0.13898444357160178,069-19,0.17905070673359982,069-07,0.18180973646209359,069-36,0.18368475835607237,069-18,0.18658619102372781,069-10,0.19133203554503772,069-13,0.19485137947727962,069-29,0.19700226629064649,069-44,0.19751384737886826,069-38,0.1989471519164315,069-21,0.20093666588745146,069-02,0.20464514571536657,069-42,0.20477816280988498,069-43,0.21439763490370342,069-23,0.21818237261971196,069-14,0.22489628389537061,069-12,0.37253298025979731,069-09,0.38362025599848248,069-35,0.384825779365983,069-27,0.38986363020393439,069-26,0.39390761393587148,069-41,0.39831939047130482,069-39,0.39916496757645342,069-17,0.39939977415659939,069-11,0.40301669920037791,069-25,0.40310916015584497
070,070-07,0.0041591932314372256,070-37,0.00565109136482913,070-25,0.006677203204726207,070-22,0.021462580626203639,070-08,0.021573492856962823,070-35,0.021768271671151893,070-28,0.022807751931592856,070-01,0.027245441852777007,070-20,0.031752867461153245,070-06,0.034121744860669594,070-32,0.041133145509123711,070-09,0.041198732237142897,070-27,0.043548135795270171,070-24,0.046207162023986337,070-26,0.05024435727283063,070-14,0.1931899878930636,070-10,0.19397527175859144,070-39,0.19576762933105787,070-05,0.1969467789407417,070-11,0.19796973303554238,070-41,0.19918633477965242,070-23,0.19966313555705448,070-40,0.20345422619336734,070-30,0.20572109358913479,070-44,0.20790208662274812,070-31,0.20989442087306293,070-04,0.21220649623086255,070-29,0.21259720648307712,070-34,0.21303316055921467,070-21,0.21318459588174207,070-42,0.21339731377078944,070-36,0.2151936239159192,070-38,0.21603185038899225,070-19,0.2173824512901954,070-18,0.22189719033959432,070-16,0.40267089186113003,070-33,0.40470640471254177,070-03,0.41211920001622604,070-43,0.41445941470348996,070-15,0.41900926957032575,070-02,0.41985123750351844,070-12,0.42178552688298382,070-13,0.42665440561343027,070-17,0.42717993446771491,070-45,0.42962819600890945
071,071-37,0.0060603620826173848,071-35,0.0062195048682071145,071-18,0.007376106842222457,071-41,0.0080111424226786531,071-28,0.0084237537241698326,071-12,0.0097520409675486662,071-33,0.0097684256755524862,071-15,0.011192683381992273,071-21,0.016006994614565982,071-39,0.017812868669646511,071-08,0.018313330462725274,071-04,0.018421111021071187,071-40,0.022237171725262871,071-45,0.023461962596502919,071-27,0.026329394334793501,071-24,0.18727332780729478,071-16,0.18770334950467585,071-02,0.18831211856678232,071-13,0.19366829631125965,071-06,0.19471146683906063,071-10,0.19513927684680646,071-43,0.19673192027553654,071-20,0.19743347631943503,071-29,0.19941095441466353,071-14,0.20028240413000567,071-01,0.20034987325070419,071-42,0.20068753230324229,071-31,0.20180628039647724,071-34,0.20183868447440798,071-19,0.20227054833959629,071-07,0.20469512029415152,071-05,0.2066239403611714,071-26,0.20689204886499335,071-11,0.20742897582190087,071-03,0.22286229195770732,071-17,0.38708022080725024,071-44,0.3886601106398444,071-09,0.39136385867695667,071-23,0.39416652670353663,071-32,0.39455588721307683,071-25,0.39510817219125755,071-38,0.39553949330415922,071-22,0.39632067807473009,071-36,0.40022145128494424,071-30,0.4024661067564832
072,072-38,0.018872664031717352,072-26,0.02575257991874504,072-36,0.026661902352730176,072-30,0.028640545615425707,072-06,0.02904011474812002,072-27,0.029715178250510028,072-17,0.032946917290577887,072-25,0.035708060195733346,072-34,0.035821065168878327,072-20,0.037537122146054758,072-44,0.043256829287408489,072-12,0.044503581026255706,072-41,0.045980674972956347,072-39,0.046542519808347484,072-02,0.052580886689768576,072-29,0.18097560147413685,072-22,0.18689771083669102,072-40,0.18751714257107363,072-31,0.19063398394034164,072-18,0.19130227652686072,072-45,0.19167768501852925,072-13,0.19244919334903346,072-37,0.19509459261694212,072-42,0.1983991404209354,072-23,0.20111296645973384,072-16,0.20513064756028926,072-14,0.20805044941620346,072-19,0.2134467889335061,072-07,0.21539138424313087,072-01,0.21631482866407553,072-24,0.21732891178387745,072-04,0.21854284966733439,072-15,0.22118866298058792,072-32,0.22287921801208516,072-08,0.22594724710552722,072-11,0.3803337707613178,072-43,0.38781884197716343,072-03,0.39277028843378414,072-28,0.39307401180593932,072-33,0.39451794459099615,072-05,0.41131457637058672,072-10,0.41522612694179001,072-35,0.41659288927946436,072-09,0.41838265072789071,072-21,0.42957607286974991
073,073-15,0.0058436174315837615,073-07,0.0071388385253619187,073-38,0.012045552479728447,073-02,0.0139837337978066,073-27,0.016284915334213935,073-19,0.030569944552608998,073-23,0.031649432849816986,073-11,0.03815007115216211,073-01,0.04315228613254244,073-22,0.044762566922729265,073-05,0.046963631453473598,073-29,0.048266288739651678,073-41,0.048405342305984381,073-24,0.051327704126225789,073-42,0.05166207695861242,073-45,0.17634933397836575,073-03,0.18082792930415384,073-31,0.18726029062492902,073-33,0.19189568164849641,073-34,0.19544971735880731,073-39,0.19637323140627119,073-44,0.19696045753681832,073-10,0.19712267901718236,073-18,0.19804059086150136,073-36,0.19952084025899414,073-40,0.20047407720310642,073-12,0.2011794935644601,073-20,0.20130445049314594,073-08,0.20176131716289331,073-32,0.20349901046439539,073-28,0.2044403794094185,073-17,0.20501150788710495,073-13,0.20587204053878536,073-37,0.20833480093923964,073-06,0.21070964529967745,073-21,0.37333216581679118,073-30,0.37515763887271703,073-43,0.38273769077571834,073-16,0.38279531520460802,073-26,0.38432905587461291,073-14,0.38539481850274054,073-35,0.38781447422575321,073-09,0.39031850581953337,073-25,0.39032414379195907,073-04,0.39253965184276551
074,074-03,0.011541720695747767,074-27,0.014288128208882617,074-25,0.018208953119831534,074-37,0.019352908903729232,074-34,0.019644341803886925,074-12,0.02204215368747578,074-38,0.02209028686179711,074-14,0.02473647755900947,074-35,0.025043612287850368,074-10,0.025086699109360473,074-33,0.026618741336736303,074-19,0.026802624896781421,074-08,0.038724287084512601,074-22,0.040901577365071398,074-01,0.042652619173571188,074-17,0.1394451879735257,074-18,0.15174136991664203,074-11,0.15374413748926574,074-43,0.16108946436073632,074-24,0.17145495482009326,074-06,0.17354901141428589,074-28,0.17426277147835675,074-42,0.17559806758010746,074-44,0.17937472038541286,074-05,0.17955519451530233,074-16,0.18089581977883412,074-39,0.1823692905199911,074-40,0.18249411049087025,074-36,0.18671677876732595,074-26,0.18930951255993,074-15,0.18964623727601335,074-07,0.19016717991119306,074-23,0.19170053877398383,074-45,0.19196487017636837,074-04,0.19389772350725284,074-21,0.36055513188931076,074-32,0.37484352883461652,074-13,0.37766157739219175,074-20,0.38291448277575585,074-02,0.38432100719252016,074-41,0.38546624383285077,074-09,0.38593989777476789,074-29,0.38835552028938292,074-30,0.39099838167641687,074-31,0.39148280203247127
075,075-23,0.0032600118199044535,075-39,0.003384236620767909,075-37,0.0047885292160496466,075-15,0.0063539346260531194,075-21,0.0084016434336173004,075-24,0.00879002461559838,075-43,0.0094333130754214213,075-18,0.010043120945620813,075-08,0.011690216233995212,075-16,0.012016777885106583,075-13,0.12129281874376975,075-19,0.12475238865595856,075-30,0.12876773823407076,075-12,0.13269032328012287,075-40,0.13441847358755532,075-27,0.16701853504369849,075-05,0.18317216997208094,075-34,0.18511319884859964,075-06,0.18796793299244416,075-03,0.18962429827702545,075-42,0.19066580106648467,075-45,0.19238212960169895,075-25,0.19665338251431436,075-22,0.19694974647323726,075-01,0.20259456765459488,075-33,0.20296887751184639,075-07,0.20335927796958886,075-29,0.20401248811153358,075-02,0.20475880535479804,075-38,0.21335385421938702,075-28,0.21829308216051979,075-20,0.23262320948721801,075-04,0.23486095615092326,075-26,0.23635402275885245,075-32,0.23655154475693144,075-35,0.39392220816202661,075-10,0.39401403847195288,075-09,0.39736854145453399,075-14,0.39749908575570497,075-41,0.39854455354780127,075-44,0.43011751904053641,075-36,0.43565670623017899,075-11,0.43594863915437015,075-31,0.44009252627576162,075-17,0.44310578902368669
076,076-24,0.0051468983366860198,076-32,0.006406084207188115,076-05,0.0067326082601337073,076-08,0.0067863391295722476,076-37,0.0089009948579938242,076-41,0.00893708286779029,076-26,0.0091049528975378283,076-02,0.0095449807169600779,076-43,0.0095998463900559741,076-09,0.0096215236541433453,076-10,0.011472134180740012,076-21,0.013170233191283758,076-22,0.014351842893508727,076-07,0.016807059542368958,076-20,0.021141179860916647,076-17,0.18524861666976231,076-29,0.18687319124426083,076-19,0.18832671567976794,076-01,0.18883542848395377,076-45,0.19012610436170066,076-16,0.19015881867924997,076-28,0.19227101760684076,076-40,0.19228762590303897,076-12,0.19278218511531178,076-04,0.19292251185902703,076-25,0.19461754171037113,076-13,0.1946304332256644,076-18,0.19563731188107092,076-14,0.19617757388690601,076-03,0.1961921438282867,076-27,0.19705769904505457,076-30,0.19887260185559141,076-39,0.19957532269541087,076-34,0.19976393018781552,076-23,0.20462905362649716,076-35,0.39199378490721309,076-33,0.39468427311040571,076-06,0.39573351836313198,076-31,0.39941181736496517,076-11,0.39967178592313518,076-44,0.40072460157644263,076-15,0.40088607371442192,076-42,0.4032633591227619,076-38,0.40371191563351433,076-36,0.40506821603414234
077,077-19,0.0096915413180669353,077-38,0.010967087037440652,077-21,0.016633455774210909,077-30,0.01751590049392408,077-14,0.019635916638895155,077-35,0.020742488345238085,077-22,0.023192590578525213,077-43,0.030080529205908584,077-28,0.032994357527412782,077-20,0.034863398218531509,077-17,0.03529089174253762,077-04,0.039166476379342674,077-07,0.051083111334891525,077-03,0.051100855796579282,077-12,0.055546997583880625,077-16,0.16237838304440219,077-15,0.17038027362142497,077-25,0.17552785730585421,077-10,0.17571876479770629,077-08,0.18055026351833442,077-39,0.18315371413049872,077-45,0.18340364950198865,077-40,0.18774953687623766,077-44,0.18793932981984648,077-24,0.19020187578542311,077-02,0.19123690845865626,077-01,0.19136224197314575,077-05,0.19164022994838462,077-32,0.19393605319877727,077-13,0.1943171453027816,077-37,0.19553276232707695,077-27,0.19767923786378994,077-31,0.19855259850885357,077-41,0.20125691567643503,077-36,0.20407947915326197,077-18,0.37387613856473551,077-34,0.37730236753004581,077-09,0.38149351998102365,077-33,0.38297021499436629,077-29,0.38716137044890681,077-26,0.38986192195455927,077-42,0.39094158920035627,077-23,0.40137360639614089,077-11,0.40390125254655745,077-06,0.40565220563357474
078,078-34,0.0054227211019317809,078-01,0.0060821360910947629,078-06,0.0065987432051411313,078-08,0.0081904997288604654,078-40,0.013599512354864758,078-38,0.014138794641992612,078-19,0.014357433806670547,078-41,0.01788187669964713,078-10,0.021178002241150747,078-21,0.021560694964026732,078-32,0.021756027567227221,078-45,0.022651416515619492,078-42,0.023821036745867146,078-04,0.026151985158905083,078-16,0.092060933851787999,078-43,0.18343145152790272,078-17,0.18629321861554637,078-26,0.19962159076935507,078-35,0.19976115885830814,078-39,0.20036848886972805,078-12,0.20082499935709805,078-27,0.20182938206008788,078-31,0.20217443085998862,078-15,0.20624002516721712,078-33,0.20664893098907883,078-30,0.21091791135084406,078-05,0.2133252000515922,078-24,0.21362454725776167,078-14,0.21581316228901465,078-20,0.21608468080483093,078-03,0.21910200642175978,078-44,0.22009183410019675,078-25,0.22039345314336126,078-11,0.22048640661966462,078-37,0.22497820397855192,078-07,0.39082972833999069,078-36,0.39183850277702548,078-18,0.39481029837685511,078-22,0.40049860148938909,078-09,0.402225437298035,078-13,0.40406940718082668,078-29,0.40516962090593744,078-23,0.4077227634944558,078-28,0.40797077575927115,078-02,0.41259565901017003
079,079-22,0.007444817688103564,079-32,0.010445289377829755,079-14,0.01121875517733268,079-01,0.016581091506039154,079-42,0.033518063182236955,079-43,0.038323919685602573,079-02,0.038553767787330447,079-06,0.043010017313051936,079-05,0.044738445133257074,079-38,0.045641893949336376,079-30,0.046945123312210624,079-35,0.047676893304672327,079-03,0.051203323718741235,079-34,0.055103997265721731,079-10,0.062154152358770649,079-25,0.17296387589348791,079-15,0.17443325415319252,079-20,0.18730242779315859,079-17,0.1877940616163799,079-18,0.18791568815538434,079-41,0.18882154627912023,079-24,0.19157537743120404,079-39,0.19216934972714189,079-29,0.19444151772307214,079-40,0.19512829723483466,079-44,0.20238771200618647,079-23,0.20390200865036973,079-07,0.2068771134838423,079-12,0.2120510050262939,079-11,0.21286690913227105,079-33,0.2133765200956225,079-26,0.21409409498972742,079-16,0.21566117428899798,079-19,0.22163749821304995,079-28,0.22291639370445776,079-37,0.37378110099767714,079-45,0.37515238393161121,079-31,0.38601329275412161,079-13,0.38629112154846934,079-04,0.39765682725012302,079-21,0.3979221623058849,079-09,0.40179918900524481,079-27,0.40586490954116222,079-36,0.40896252835687991,079-08,0.42442718234770221
080,080-08,0.0053888922144654022,080-26,0.0079611357719719875,080-35,0.015255196933228526,080-18,0.019796049106203729,080-32,0.020026060250803904,080-37,0.020086612894843935,080-39,0.021607313710177843,080-29,0.027135637528017557,080-04,0.027434007089585311,080-15,0.027658778847848779,080-45,0.028769429200464634,080-16,0.030959859309587497,080-44,0.031745922573882479,080-19,0.036487905404575735,080-23,0.037303266352485549,080-34,0.15044658037991152,080-42,0.15267973186637346,080-01,0.16493987830741177,080-24,0.16498116457125023,080-09,0.16795484777359307,080-27,0.16928276346294135,080-10,0.17712883065166418,080-30,0.18025691290429957,080-22,0.18081853693625546,080-06,0.18405463602729882,080-14,0.18484283833590473,080-40,0.18643566503653283,080-07,0.19032534729943182,080-11,0.19122623825103918,080-38,0.1924748411031775,080-31,0.19260866912504357,080-41,0.1928681572144276,080-20,0.19408372693159043,080-13,0.21023674244250193,080-28,0.22226686178815583,080-36,0.3751464553946825,080-02,0.37583104680677926,080-03,0.38095909072794215,080-43,0.38427440944840813,080-05,0.38650761151799795,080-12,0.38746571537264124,080-25,0.39028056100158959,080-17,0.39258407999395484,080-21,0.39329501523692545,080-33,0.40529568717863651
081,081-15,0.0094270200568246573,081-13,0.011805155907701297,081-12,0.013562576406870855,081-05,0.017642880517293357,081-39,0.018579505505945809,081-21,0.018644568560296504,081-31,0.019463861450820946,081-09,0.021477481369924823,081-35,0.023479076000973414,081-03,0.023846224221594395,081-14,0.024753574434810036,081-17,0.025752439746431571,081-27,0.026336184848544761,081-29,0.026809287601774322,081-36,0.028156726075716957,081-28,0.17894553875731276,081-16,0.17964423165517554,081-06,0.18082265184199658,081-25,0.18469966849354233,081-18,0.18620964884281294,081-22,0.19042839562264757,081-37,0.19541529476847977,081-24,0.19856655375775201,081-34,0.20064997281025967,081-11,0.20198652153263563,081-40,0.20311441774988589,081-23,0.20851326352637287,081-26,0.21290381160630245,081-45,0.21427660177039151,081-02,0.21433962424133271,081-10,0.21563635272587933,081-30,0.21571860594095035,081-01,0.21605724628000081,081-19,0.21753366583568101,081-44,0.22120588195570379,081-32,0.38565948703489494,081-04,0.38663586336779432,081-33,0.39324903781433157,081-07,0.39428529590176598,081-42,0.39533019756329268,081-43,0.39907538860000424,081-08,0.40755107487554987,081-20,0.40839856949125769,081-38,0.40992369059565509,081-41,0.41837916110014034
082,082-41,0.015279706255676673,082-17,0.016724840869527441,082-12,0.01714850564838058,082-06,0.021211969998164285,082-01,0.022043861154744139,082-29,0.028345869540375712,082-31,0.038701323888310483,082-22,0.042848195582355184,082-07,0.046726696158854331,082-35,0.04704766781529586,082-37,0.049159523186911025,082-39,0.05122774513002655,082-21,0.05314576927597886,082-38,0.056004051060869503,082-04,0.077008833652963904,082-05,0.20004868368303264,082-33,0.20122594518364981,082-25,0.20415714265056739,082-42,0.206445913727652,082-40,0.20724815666866397,082-10,0.20777404617765874,082-23,0.20809558762507552,082-11,0.20843240055231338,082-09,0.21148152938693421,082-34,0.21158130572317188,082-13,0.21168800382365741,082-26,0.21520633529621266,082-30,0.21617296580734444,082-15,0.2163450008099353,082-18,0.21813832360291813,082-03,0.21876851828488103,082-24,0.22066886489245557,082-02,0.22249978659028621,082-45,0.22552752878529045,082-20,0.2265409476548548,082-43,0.39683305163808597,082-36,0.40019558932477095,082-16,0.40129777543388923,082-14,0.40270241170122045,082-44,0.41246482893682984,082-08,0.41335615568869716,082-32,0.41410122156817897,082-19,0.41531611522108192,082-27,0.41708617353946825,082-28,0.42217997839125765
083,083-07,0.0065612954738436318,083-09,0.013330962005798209,083-17,0.017310231037455638,083-19,0.021834738646923636,083-36,0.022384783712535525,083-16,0.023665909572186429,083-41,0.025295823838434133,083-20,0.026756213158472972,083-02,0.027551278406574006,083-45,0.028081473909654382,083-44,0.030351704542550696,083-06,0.035833307049566776,083-03,0.041802421481905855,083-01,0.04318469402718627,083-05,0.054431124312164077,083-18,0.18259958065326062,083-24,0.1925488813097089,083-38,0.19771442498000008,083-10,0.19910081508911345,083-31,0.19914608481484011,083-32,0.20152419412650419,083-40,0.20394725880327275,083-11,0.20700974878422651,083-43,0.20781855132270377,083-39,0.20828243785439413,083-15,0.20936117785578259,083-37,0.21343429222328436,083-35,0.21690695386883146,083-28,0.2195431266067496,083-12,0.21989139716530207,083-22,0.22170190384378718,083-21,0.22280470303803468,083-30,0.22932686845522407,083-25,0.23196319417449693,083-27,0.24249826121848753,083-08,0.39678889492106528,083-29,0.40301848993741984,083-34,0.40352448225390158,083-13,0.40977257608200179,083-04,0.41831195931274373,083-26,0.4241191051019621,083-42,0.42991718993184358,083-23,0.43215344827145269,083-14,0.43391064462791262,083-33,0.43887541001823865
084,084-24,0.0049474801918956276,084-27,0.0097911759163224373,084-45,0.014490701884127388,084-32,0.019081661289368831,084-20,0.01981556718476812,084-19,0.020318850870479625,084-26,0.020434783186062656,084-31,0.02192553521807537,084-03,0.022510749709296837,084-34,0.025622972748694225,084-30,0.028382079589083588,084-33,0.02839258678739907,084-44,0.030753868290463702,084-15,0.031888814230324795,084-08,0.044275627201088311,084-11,0.18741107789350298,084-04,0.19914659385749628,084-14,0.20088521195973563,084-01,0.20142643773185742,084-18,0.20211125417734735,084-10,0.20655434818538246,084-23,0.21079276147064449,084-38,0.21339219491096398,084-37,0.22042449255476851,084-21,0.22268697904717893,084-43,0.22626395244710193,084-22,0.22677376430818824,084-41,0.22808725280924155,084-07,0.2306933019540422,084-28,0.23155168510466906,084-12,0.23295283212894008,084-02,0.23495295807962965,084-42,0.24141272966201138,084-05,0.24616844009066155,084-09,0.24659911757320813,084-39,0.39625983922370772,084-29,0.39976678319473402,084-17,0.40494948994450158,084-36,0.41088164871737182,084-25,0.41761964922003353,084-13,0.42037950120989198,084-35,0.42093551057075301,084-06,0.42342589966079858,084-16,0.42500735720147315,084-40,0.42947394952331075
085,085-09,0.0078732974306462682,085-26,0.008344689219177184,085-34,0.0083491519241578223,085-01,0.009278471859829631,085-37,0.0097803508691917396,085-41,0.015711228884626699,085-40,0.015781681238702081,085-05,0.016807631850792475,085-25,0.017403592874207421,085-33,0.0186225019442499,085-19,0.019686664091618213,085-21,0.022078712504702957,085-03,0.022134481441412564,085-22,0.022183640358464957,085-14,0.031638755202837182,085-42,0.17425348192687734,085-24,0.17981644432019483,085-07,0.18199830630872413,085-08,0.18794678273400814,085-02,0.18832840868433523,085-11,0.18853767407726427,085-17,0.18898787876309892,085-23,0.19215455594168698,085-20,0.19244101062093075,085-35,0.1929865456988871,085-31,0.19347028559810042,085-12,0.1941540468858016,085-36,0.19732998224281023,085-38,0.20469134342831391,085-29,0.2080143665771616,085-43,0.20944131565894084,085-13,0.21106641123299183,085-15,0.21757442786868994,085-18,0.21900107718827105,085-45,0.23193445322116266,085-27,0.37682384673949432,085-32,0.38411215541660665,085-04,0.38513854225380251,085-10,0.38701413640502974,085-44,0.38820697135786186,085-39,0.38997615481290893,085-16,0.39057787736678062,085-30,0.39530582003632891,085-28,0.39715877193339189,085-06,0.39902008187882043
086,086-02,0.0059348815236841285,086-22,0.0068146846883200439,086-08,0.010485441697666718,086-12,0.01146904517911701,086-23,0.012177282909303601,086-30,0.012442901610201026,086-35,0.016429118371676727,086-29,0.016461679547756066,086-45,0.018103560869677807,086-21,0.018444896236813987,086-42,0.018921172213134586,086-06,0.020096060317335341,086-28,0.022842183210728548,086-15,0.02297371411483265,086-40,0.023874134468917379,086-25,0.17482260794521789,086-10,0.17573546610447641,086-14,0.17709333324958165,086-31,0.17719012912452911,086-41,0.17834589998169934,086-19,0.18013255240413098,086-24,0.18172995690458782,086-34,0.18466222741903143,086-27,0.18642177012428265,086-13,0.18756419588105644,086-07,0.18804507247602334,086-38,0.18852882835438686,086-18,0.19182627702978058,086-39,0.1926088109302744,086-26,0.19471153960018134,086-20,0.19522602978876524,086-44,0.19604603147048483,086-05,0.19742402346140211,086-36,0.2033338758408775,086-16,0.21594346858459884,086-03,0.38812068898284002,086-11,0.39239143046836622,086-32,0.39366731721454629,086-04,0.39616816623646089,086-01,0.39933613577800692,086-09,0.39949053591683037,086-43,0.40528128368567967,086-37,0.40547400423892371,086-17,0.40977875151349735,086-33,0.4108984491186447
087,087-28,0.015152894206186889,087-15,0.017480031727512529,087-39,0.019019115875135818,087-18,0.021950694154310321,087-16,0.022644491582687349,087-37,0.030109556481741469,087-31,0.030335169094776522,087-36,0.032109157175993754,087-14,0.041644345219959723,087-19,0.044806572794853394,087-22,0.069340925479420792,087-11,0.18132230409506453,087-08,0.18158182448859775,087-01,0.18388449101659082,087-13,0.18831832998819406,087-26,0.18869144038224728,087-10,0.19564335885297532,087-17,0.19616172333482826,087-03,0.19658240573110056,087-07,0.2013708078543987,087-29,0.20151549905498181,087-40,0.20209865749980296,087-44,0.20325432629151957,087-41,0.2060543282429351,087-32,0.20628366368038145,087-33,0.20718633350624735,087-09,0.21086032739521365,087-20,0.21129090806401518,087-23,0.21249882013033608,087-43,0.21604245621227749,087-21,0.21749658910733977,087-05,0.245464056929587,087-25,0.32352614903700061,087-12,0.33529701281645513,087-34,0.33626822947681462,087-06,0.3963973630329205,087-45,0.39726664163297248,087-35,0.40022949789161966,087-04,0.40066961779049642,087-27,0.40249458692147017,087-30,0.40295323176773001,087-42,0.40621598719286373,087-02,0.41175518926845633,087-38,0.41545615877194308,087-24,0.41848571693174214
088,088-28,0.0067734953352449603,088-37,0.014069762983077933,088-21,0.014989875728409024,088-02,0.015038592310226027,088-39,0.01614672986236761,088-19,0.017298392604424933,088-27,0.017817797843729177,088-11,0.017926350669202985,088-06,0.022039394684061634,088-03,0.025859986078882572,088-31,0.031154227963472322,088-44,0.037350166675737095,088-09,0.039627783596056093,088-20,0.0448834828571937,088-07,0.048929696504270294,088-15,0.16547008260829349,088-16,0.17058250435174377,088-45,0.17246734609472364,088-35,0.17577273518139969,088-25,0.17724403306091555,088-18,0.18133401911267349,088-41,0.18162934057167224,088-24,0.1842331104191311,088-34,0.188621921259022,088-42,0.1889643040327586,088-14,0.19019002606174054,088-12,0.19078350950323131,088-05,0.19164654275936102,088-13,0.19576251897382113,088-08,0.19615820665900344,088-32,0.19946562715245772,088-36,0.20160320711734722,088-38,0.20207309627198275,088-22,0.2056578896119732,088-23,0.2103204845943448,088-04,0.38482545229655479,088-26,0.38642548963883977,088-30,0.39088201044224297,088-43,0.39459471637764609,088-33,0.39546480948083812,088-01,0.3955012192119971,088-17,0.39618191388090307,088-10,0.39705666116233623,088-29,0.39950810972246126,088-40,0.4023330567612895
089,089-03,0.016256164364768885,089-11,0.016327553493073951,089-31,0.024174812319377278,089-07,0.025792929603672327,089-28,0.026898764236290784,089-05,0.030115789535303208,089-16,0.030685229246857709,089-38,0.032097418765784744,089-32,0.033338437501685879,089-26,0.036410382182217933,089-25,0.037542114867551553,089-01,0.037728847250420514,089-08,0.044936877862381486,089-20,0.052060529984769982,089-06,0.058715946747171843,089-15,0.15452824632824208,089-21,0.161724190433265,089-42,0.16736884613018077,089-19,0.16990481721415596,089-36,0.17273955423294304,089-04,0.17639706236735669,089-29,0.17865343822648322,089-24,0.17946288839807908,089-41,0.1827284116510666,089-09,0.18405998070117296,089-27,0.18583291468775665,089-45,0.1869149384012439,089-14,0.1873233568234462,089-43,0.18988775379916975,089-10,0.19330524154364628,089-30,0.19368277360560748,089-22,0.19807040134650289,089-23,0.2017448610724345,089-13,0.20537314065139478,089-17,0.21709315993949788,089-34,0.31612634275532597,089-33,0.32663132998746702,089-39,0.33202900136599856,089-18,0.3441054059984735,089-02,0.34416833758184168,089-37,0.41070117970032122,089-35,0.41173364496409248,089-12,0.41300047905524878,089-44,0.42673150610778543,089-40,0.43038454039053797
090,090-29,0.0097391690909765082,090-43,0.01121387257706007,090-03,0.012338018617227182,090-17,0.01406472848155027,090-18,0.015570488850915963,090-42,0.015646153173137809,090-44,0.016432926606653561,090-10,0.016930710929754372,090-07,0.017866329291235376,090-21,0.020425829574507417,090-24,0.022349667748791678,090-45,0.022670111218265135,090-36,0.023175886906339278,090-37,0.023521760091283699,090-06,0.035009341608495038,090-33,0.16314224999277313,090-35,0.16342655506214959,090-30,0.16838092925717424,090-08,0.17153239570974385,090-09,0.1730515090178219,090-02,0.17869387294036523,090-14,0.1794864464573466,090-40,0.18043414070321376,090-32,0.18560427460704995,090-16,0.18594833675115433,090-13,0.18738369374668445,090-31,0.19101819838414627,090-04,0.1915826934737655,090-25,0.19440714933760339,090-26,0.19674635192341475,090-15,0.19933666881978496,090-12,0.20716052209953692,090-23,0.20753878256201788,090-41,0.209170275203232,090-11,0.21620865944842169,090-19,0.38634421164744187,090-05,0.39120189314973541,090-20,0.39128403512031457,090-38,0.39272001592476657,090-39,0.39441694963590113,090-27,0.39574797483587759,090-22,0.40385377838065256,090-34,0.40493855002560447,090-28,0.40562851639134118,090-01,0.40972489790133698
091,091-16,0.024653183642304267,091-12,0.025016338207255961,091-43,0.025849825042423911,091-19,0.026660931681399214,091-45,0.027827472044336263,091-20,0.030478020045791317,091-27,0.031463706432699648,091-04,0.034752284623674752,091-37,0.035594624140160097,091-41,0.038014393785142722,091-10,0.039151126849271856,091-01,0.04065090313412445,091-09,0.042831053893268488,091-40,0.043885303069665947,091-35,0.048467572234119433,091-17,0.1714916070893357,091-21,0.17258638687197306,091-13,0.17605860367611945,091-33,0.17640228008268929,091-31,0.17684511034636838,091-03,0.17848859055973246,091-14,0.1790394036714768,091-23,0.17909754103923464,091-39,0.1833430656011909,091-11,0.1835485149367081,091-38,0.18385337212212785,091-30,0.18387984040803568,091-15,0.18495130147392899,091-42,0.18554852968365002,091-29,0.18882369415346578,091-05,0.18916279592001981,091-24,0.18926063107236532,091-25,0.19178591521033742,091-02,0.1923001797045768,091-34,0.19545234816993873,091-26,0.3661526734902304,091-22,0.37175229043935509,091-08,0.37261009163792935,091-32,0.37348749484361393,091-18,0.37377529551820193,091-44,0.37407045438072806,091-07,0.38095866956741681,091-28,0.38386984005504754,091-06,0.38819055431102462,091-36,0.39243514428264992
092,092-39,0.010705304650572638,092-41,0.014161599897935032,092-21,0.01711192490863429,092-05,0.018205328425962595,092-13,0.021197212050216411,092-10,0.022468887346361412,092-45,0.023784532552484569,092-32,0.028079857832827543,092-22,0.029628700883397065,092-36,0.032360475395880703,092-14,0.033168078031679302,092-40,0.034007054944195564,092-27,0.035346415191504207,092-35,0.041188478329432329,092-38,0.051653164425820117,092-17,0.20513952317620845,092-24,0.20793565288778867,092-07,0.20849969019148015,092-06,0.2098958721589099,092-18,0.21287145114561307,092-12,0.21303659260058833,092-11,0.21390125637039675,092-08,0.21580489623031623,092-23,0.21624983879742565,092-29,0.21709379571784265,092-20,0.21808581372933264,092-04,0.21923390836203879,092-31,0.21925107228215934,092-33,0.21940223301050332,092-02,0.21945589365606152,092-19,0.22233291372939937,092-28,0.22446718444894348,092-44,0.2248395819947718,092-15,0.22712411009524772,092-34,0.23320393796200969,092-01,0.40206480158374713,092-26,0.40389928983039103,092-16,0.4042201106350799,092-30,0.41019863056147005,092-09,0.41268427370507427,092-03,0.41321914490902051,092-25,0.41632313232134649,092-42,0.41707976068641006,092-37,0.42271327266206588,092-43,0.43465494773676766
093,093-44,0.010158409955690633,093-17,0.011388528923984759,093-03,0.012385446019719972,093-34,0.01285456461995252,093-10,0.020036415243574718,093-41,0.026004357686260044,093-14,0.028564417907847806,093-20,0.030983620604046875,093-30,0.03182835437185861,093-21,0.032491704933987432,093-06,0.035186102392674536,093-31,0.037690593665535434,093-33,0.040618582341024174,093-18,0.040966491568786643,093-29,0.043076592241900288,093-08,0.16577187831170118,093-26,0.16839551097306407,093-32,0.17203562412703269,093-35,0.1732411659043018,093-16,0.1746509780323641,093-01,0.17514085011223232,093-24,0.17515603136742075,093-19,0.18260485329125545,093-27,0.19366082887989478,093-42,0.19586853621585934,093-07,0.19608612818181809,093-38,0.19697790921697977,093-11,0.19884249356328076,093-43,0.19907045758448869,093-02,0.19986518292676331,093-15,0.20170366341952631,093-36,0.20249448057039804,093-12,0.20447546182477508,093-45,0.20575173212845041,093-25,0.20616195835589304,093-40,0.37584298611869982,093-04,0.37861794885206757,093-13,0.3837998774349955,093-28,0.38634377586125918,093-22,0.38701893276485039,093-05,0.39671826473578098,093-39,0.39811823226570897,093-09,0.39854792695871272,093-37,0.40462905369920593,093-23,0.40584195986686555
094,094-29,0.0039113418001129998,094-24,0.006132834469196582,094-32,0.0074350504940141754,094-35,0.011516949191600661,094-19,0.011822220229676789,094-41,0.012203943306157528,094-04,0.013202978089584911,094-25,0.013451386203645844,094-37,0.013833634822873154,094-43,0.017347846956263346,094-09,0.018301246601334555,094-01,0.018954269738355452,094-03,0.025772544609277193,094-31,0.025893761769133453,094-05,0.02612431967788352,094-40,0.18527772925187058,094-39,0.18787340639292874,094-44,0.19067072425207482,094-38,0.19757084341140541,094-30,0.19849133496302784,094-10,0.19923042416578837,094-17,0.19978433703218659,094-08,0.20087611453871262,094-23,0.20203160494300684,094-21,0.20441247030502097,094-07,0.20459297824787495,094-14,0.20460557391718034,094-36,0.20762240856074859,094-42,0.20987569754412896,094-22,0.21102062097479807,094-13,0.2139778514205265,094-26,0.2184261780263162,094-27,0.2192808920519603,094-20,0.21969407165401494,094-12,0.22069397663142243,094-33,0.36972818018141901,094-06,0.37307167711016437,094-28,0.37734883385978807,094-34,0.38099701819484688,094-45,0.38104568159722546,094-15,0.40552608154701936,094-11,0.4059997581029679,094-02,0.40978480604769429,094-18,0.4158947022082885,094-16,0.4171435269162036
095,095-33,0.0021783719935072011,095-07,0.0056988683967103826,095-37,0.0059977662323851232,095-25,0.0081662829523720098,095-41,0.0091921897414705793,095-43,0.010562574882337496,095-16,0.011270203452890591,095-18,0.011440687360970951,095-09,0.01206703690115889,095-08,0.012384242325878069,095-11,0.012622591193723528,095-20,0.018444220326532645,095-21,0.019181178176318977,095-45,0.021666315862191497,095-14,0.022484781622639081,095-17,0.07792582460573895,095-03,0.16874340162666954,095-27,0.17090345502654969,095-29,0.17282499038413016,095-01,0.17609180065795926,095-05,0.17954591590558891,095-24,0.18140737886283509,095-35,0.18155955501949844,095-10,0.18664594265462936,095-40,0.19143644703952889,095-28,0.19486059242536011,095-23,0.19531226397171403,095-12,0.19542729077988391,095-19,0.19783396290465821,095-15,0.19815616960642757,095-36,0.19837254228217194,095-26,0.19856129013722282,095-13,0.20090903556365308,095-30,0.20392543734731391,095-06,0.20960082999278443,095-34,0.39345294886848481,095-44,0.39729058917340099,095-04,0.40238599744826437,095-32,0.40244236882073425,095-42,0.40703963165325718,095-22,0.4085912857263379,095-38,0.41126507888681929,095-31,0.42011565368424442,095-02,0.42459519773097282,095-39,0.42465899307189559
096,096-15,0.0084590240886715604,096-34,0.010358001058821996,096-10,0.012774336007745911,096-41,0.01450749956866665,096-14,0.018459592673625846,096-25,0.019533360101965987,096-13,0.020848433710671233,096-21,0.023519623446110135,096-27,0.026719914376622887,096-37,0.033335048877852179,096-43,0.037818143815813651,096-28,0.038153265501061122,096-20,0.041601736741418753,096-01,0.042959491340717935,096-45,0.045615795611221907,096-16,0.18111562997469333,096-08,0.18458674768717451,096-31,0.18775838927575333,096-17,0.19015856011888341,096-04,0.19053963704508561,096-12,0.19469621703789802,096-32,0.19600162137267527,096-26,0.19670047672099311,096-18,0.19880709873264876,096-11,0.19935369289813928,096-40,0.20049561359116014,096-44,0.20064122513156149,096-39,0.20273067163737804,096-38,0.20670284275976566,096-29,0.20728172252189656,096-02,0.21283618563376389,096-22,0.21355442256711499,096-42,0.21370552426275644,096-09,0.21730756468063925,096-23,0.22010953589263113,096-30,0.37890198570784461,096-03,0.38808195075620472,096-07,0.39326946275163716,096-19,0.39801841855458991,096-35,0.39979293102999791,096-05,0.40408976993974571,096-06,0.40625963662218079,096-36,0.40731210312218941,096-24,0.40830021366485453,096-33,0.40869387666785584
097,097-42,0.0033808976706778413,097-22,0.011588619322573461,097-30,0.013925997019284981,097-32,0.014966591825236165,097-45,0.019682181431242958,097-01,0.022045909964829417,097-08,0.024045118060215101,097-37,0.024068013036069986,097-38,0.032410724696704238,097-24,0.036539276241084509,097-21,0.036815560949646262,097-18,0.038013231945641345,097-11,0.043874069697102829,097-43,0.047792031089747618,097-29,0.050096896283799493,097-28,0.18374958358009366,097-19,0.18837855586354671,097-17,0.19134061955116774,097-25,0.19369963784244931,097-04,0.19418573588237001,097-15,0.19528536811061903,097-39,0.2011644096370695,097-36,0.20162361760288455,097-03,0.20236481517738875,097-20,0.20251433674339442,097-13,0.211765871828587,097-27,0.21192228421125683,097-06,0.21371902351292574,097-31,0.21529323648889256,097-33,0.21626355897262031,097-09,0.21696234855139829,097-23,0.22259457557320012,097-34,0.22492825559634411,097-10,0.22527593392594533,097-05,0.22659723066313181,097-26,0.38155985234187123,097-40,0.38723847129503131,097-02,0.39496907179587964,097-07,0.3951837746888559,097-12,0.39586229902600062,097-35,0.40284280780525333,097-16,0.40841238906856175,097-44,0.40888239697379453,097-14,0.41369061703188159,097-41,0.41833709804087088
098,098-22,0.0058988703401448859,098-27,0.0060756921514618471,098-01,0.0080150425317139021,098-36,0.013069904132326702,098-35,0.013354737500536848,098-03,0.013670088481479296,098-32,0.01528188922801337,098-38,0.015362915951412596,098-28,0.017263737052636011,098-43,0.017469264890120368,098-42,0.0178980924452753,098-40,0.01840048002631688,098-25,0.019881241264474513,098-16,0.021919848722842201,098-24,0.023989134015520667,098-39,0.17261651423474897,098-07,0.18988506233973371,098-10,0.1902273981143881,098-13,0.19032472436600831,098-45,0.1938586382504342,098-44,0.19427118569232757,098-20,0.19494834026959762,098-37,0.1995550738269512,098-23,0.20700951878595972,098-34,0.20708985964232662,098-30,0.20980181202522036,098-08,0.21084773320895883,098-33,0.21103648054084664,098-31,0.21159990060265871,098-26,0.21241547879417544,098-41,0.21272874424163471,098-14,0.21441939664731158,098-19,0.21454908184137719,098-18,0.22091912877275588,098-02,0.22872632934591672,098-05,0.39451122947536599,098-17,0.39673697543015607,098-11,0.40617060348026773,098-06,0.40792840920627221,098-12,0.40945716877054489,098-21,0.41242163503669954,098-29,0.41378843190811376,098-15,0.41758865391931133,098-04,0.42035284963943331,098-09,0.42354770404330361
099,099-12,0.0089855764023894537,099-10,0.012790325314250076,099-05,0.013845762567541388,099-39,0.014848538837228541,099-45,0.015035346886367354,099-16,0.015707708488907929,099-17,0.018001976595486493,099-40,0.020686744742905671,099-38,0.021218790116365172,099-44,0.021373004786005931,099-24,0.022356084329179647,099-42,0.023095456757276586,099-26,0.023289141891878383,099-37,0.024603506824164616,099-01,0.026860571133612055,099-20,0.1860594191104295,099-43,0.18728765527595068,099-31,0.18741824063565043,099-33,0.18962752772837094,099-18,0.19554214737499317,099-19,0.19611844021534991,099-03,0.19639534407148201,099-06,0.19643727068828409,099-21,0.19647251259794821,099-35,0.19792804644174106,099-23,0.19851252248099036,099-25,0.20371798500786825,099-27,0.20419762188812854,099-09,0.20473770926199283,099-15,0.20537316577426765,099-13,0.20720987408566924,099-41,0.2080618346142559,099-30,0.21713845278783467,099-28,0.21809380513898144,099-29,0.22305337403409525,099-36,0.3996563412756125,099-04,0.40483547392431296,099-34,0.40540555742954443,099-14,0.40661057419750135,099-07,0.40977834624689469,099-02,0.41809634541086604,099-32,0.42133311400849022,099-22,0.42203071900444927,099-08,0.42435394952450883,099-11,0.44114997136530487
0100,100-01,0.0068295367436527806,100-14,0.0089469210025335984,100-21,0.015655257627936719,100-42,0.017566072899147651,100-15,0.024834251772518207,100-30,0.044876398093104342,100-22,0.047024618096131822,100-40,0.052465378468043444,100-19,0.065605019309106977,100-11,0.082535067186866581,100-02,0.084033670236883198,100-31,0.087439316450651214,100-33,0.088520574375527863,100-07,0.090059419796854903,100-16,0.092136284203153174,100-28,0.097211222640253642,100-27,0.10019296229685618,100-23,0.10030046313645269,100-25,0.11061430914632947,100-05,0.11067042607212679,100-12,0.11197706989796287,100-34,0.11216741766251691,100-44,0.11336048578810098,100-06,0.11555415721717015,100-13,0.12661080424137078,100-41,0.18197609202088852,100-09,0.19262183672198996,100-24,0.19318683924522786,100-43,0.19668920354257616,100-39,0.19671696360995902,100-32,0.20004928372257336,100-20,0.20009232803509247,100-45,0.20027746349656764,100-36,0.20093301039985095,100-18,0.20550890104774189,100-29,0.28763952253830721,100-04,0.2966631233721202,100-17,0.30296145226434484,100-10,0.30817481511627576,100-26,0.31103734889490853,100-03,0.37694224314674346,100-35,0.38712942658545196,100-38,0.39664003922486896,100-08,0.40752663450157317,100-37,0.4080706550467344
